question_id,passage_id,format,run,expected_answer,extracted_answer,is_correct,success,duration_seconds
Q-001,P-001,abc,1,16,16,True,True,3.5235331058502197
Q-002,P-001,abc,1,8,9,False,True,3.6958038806915283
Q-003,P-001,abc,1,F5,F4,False,True,2.274671792984009
Q-004,P-001,abc,1,F4,C3,False,True,2.0638139247894287
Q-005,P-001,abc,1,1.5,1,False,True,2.2113499641418457
Q-006,P-001,abc,1,5,4,False,True,3.3502109050750732
Q-007,P-001,abc,1,1,5,False,True,2.067500114440918
Q-008,P-001,abc,1,0,0,True,True,1.7967309951782227
Q-009,P-001,abc,1,0.25,1,False,True,1.924623966217041
Q-010,P-002,abc,1,24,7,False,True,3.443605899810791
Q-011,P-002,abc,1,2,2,True,True,2.8161258697509766
Q-012,P-002,abc,1,E5,D5,False,True,2.1822526454925537
Q-013,P-002,abc,1,F3,F2,False,True,1.9742112159729004
Q-014,P-002,abc,1,0.33,1,False,True,1.9562108516693115
Q-015,P-002,abc,1,3,3,True,True,1.8683209419250488
Q-016,P-002,abc,1,2,0,False,True,2.0657429695129395
Q-017,P-002,abc,1,4,4,True,True,3.1613388061523438
Q-018,P-002,abc,1,0.33,0.33,True,True,1.7872130870819092
Q-019,P-003,abc,1,0,0,True,True,2.91499924659729
Q-020,P-003,abc,1,1,1,True,True,2.2040538787841797
Q-021,P-003,abc,1,G5,G4,False,True,2.5130839347839355
Q-022,P-003,abc,1,N/A,N/A,True,True,2.678201198577881
Q-023,P-003,abc,1,0.5,1.5,False,True,1.9926989078521729
Q-024,P-003,abc,1,N/A,0,False,True,2.3439559936523438
Q-025,P-003,abc,1,0,0,True,True,2.4708681106567383
Q-026,P-003,abc,1,3,3,True,True,2.3393502235412598
Q-027,P-003,abc,1,N/A,2,False,True,2.411884069442749
Q-028,P-004,abc,1,6,3,False,True,3.03688383102417
Q-029,P-004,abc,1,0,0,True,True,1.9098832607269287
Q-030,P-004,abc,1,N/A,N/A,True,True,2.3302559852600098
Q-031,P-004,abc,1,C2,"C,,2",True,True,2.0007731914520264
Q-032,P-004,abc,1,1,1,True,True,2.6770896911621094
Q-033,P-004,abc,1,3,3,True,True,3.8914859294891357
Q-034,P-004,abc,1,N/A,0,False,True,1.627441167831421
Q-035,P-004,abc,1,1,1,True,True,2.1122050285339355
Q-036,P-004,abc,1,1,1,True,True,2.2563986778259277
Q-037,P-005,abc,1,3,3,True,True,1.9452509880065918
Q-038,P-005,abc,1,5,6,False,True,2.030269145965576
Q-039,P-005,abc,1,Eb5,E5,False,True,2.591991901397705
Q-040,P-005,abc,1,Eb4,Gb2,False,True,2.919816255569458
Q-041,P-005,abc,1,2,2,True,True,2.061065196990967
Q-042,P-005,abc,1,3,3,True,True,1.6785929203033447
Q-043,P-005,abc,1,3,4,False,True,2.406728982925415
Q-044,P-005,abc,1,4,4,True,True,3.141084909439087
Q-045,P-005,abc,1,1,2,False,True,1.8575890064239502
Q-046,P-006,abc,1,4,3,False,True,2.4137229919433594
Q-047,P-006,abc,1,6,6,True,True,1.917449951171875
Q-048,P-006,abc,1,G4,G4,True,True,2.829672336578369
Q-049,P-006,abc,1,A3,B0,False,True,6.210485935211182
Q-050,P-006,abc,1,1,2,False,True,1.8708431720733643
Q-051,P-006,abc,1,4,3,False,True,1.8566899299621582
Q-052,P-006,abc,1,2,2,True,True,1.892853021621704
Q-053,P-006,abc,1,0,0,True,True,2.3788681030273438
Q-054,P-006,abc,1,1,1,True,True,1.8961617946624756
Q-055,P-007,abc,1,9,8,False,True,1.8846521377563477
Q-056,P-007,abc,1,9,12,False,True,2.0446488857269287
Q-057,P-007,abc,1,A4,A4,True,True,2.09073805809021
Q-058,P-007,abc,1,A2,"A,,1",False,True,3.2948567867279053
Q-059,P-007,abc,1,0.5,2,False,True,2.269876003265381
Q-060,P-007,abc,1,6,6,True,True,2.0682461261749268
Q-061,P-007,abc,1,4,7,False,True,3.088334083557129
Q-062,P-007,abc,1,2,4,False,True,1.9968810081481934
Q-063,P-007,abc,1,0.5,0.125,False,True,2.758857011795044
Q-064,P-008,abc,1,2,2,True,True,1.8467259407043457
Q-065,P-008,abc,1,2,2,True,True,1.874802827835083
Q-066,P-008,abc,1,Ab4,A4,False,True,2.255094051361084
Q-067,P-008,abc,1,Bb2,"B,,0",False,True,2.6279067993164062
Q-068,P-008,abc,1,0.5,2,False,True,2.9452950954437256
Q-069,P-008,abc,1,2,2,True,True,3.3169541358947754
Q-070,P-008,abc,1,0,0,True,True,1.888031005859375
Q-071,P-008,abc,1,4,4,True,True,2.6282522678375244
Q-072,P-008,abc,1,0.5,2,False,True,3.302020788192749
Q-073,P-009,abc,1,12,12,True,True,4.454447269439697
Q-074,P-009,abc,1,6,6,True,True,1.7733821868896484
Q-075,P-009,abc,1,F5,F5,True,True,1.926084041595459
Q-076,P-009,abc,1,A3,Bb2,False,True,2.9554929733276367
Q-077,P-009,abc,1,1,2,False,True,2.065441131591797
Q-078,P-009,abc,1,5,3,False,True,2.6785199642181396
Q-079,P-009,abc,1,5,7,False,True,4.318665981292725
Q-080,P-009,abc,1,0,0,True,True,2.267346143722534
Q-081,P-009,abc,1,0.33,0.33,True,True,2.189476251602173
Q-082,P-010,abc,1,8,4,False,True,3.788975238800049
Q-083,P-010,abc,1,8,5,False,True,1.8638811111450195
Q-084,P-010,abc,1,Bb4,B4,False,True,3.2899441719055176
Q-085,P-010,abc,1,Cb4,C3,False,True,2.8971049785614014
Q-086,P-010,abc,1,1,4,False,True,2.582803249359131
Q-087,P-010,abc,1,4,3,False,True,2.1542961597442627
Q-088,P-010,abc,1,2,2,True,True,3.221562147140503
Q-089,P-010,abc,1,0,0,True,True,2.343065023422241
Q-090,P-010,abc,1,1,1,True,True,3.195965051651001
Q-091,P-011,abc,1,2,2,True,True,2.571404218673706
Q-092,P-011,abc,1,6,6,True,True,1.8576550483703613
Q-093,P-011,abc,1,F5,F5,True,True,3.7166459560394287
Q-094,P-011,abc,1,F3,D3,False,True,2.080832004547119
Q-095,P-011,abc,1,1,2,False,True,2.854407787322998
Q-096,P-011,abc,1,2,2,True,True,3.6866588592529297
Q-097,P-011,abc,1,1,7,False,True,3.008679151535034
Q-098,P-011,abc,1,3,6,False,True,2.242269992828369
Q-099,P-011,abc,1,1,2,False,True,2.54971981048584
Q-100,P-012,abc,1,8,8,True,True,7.668371915817261
Q-101,P-012,abc,1,4,6,False,True,4.285968065261841
Q-102,P-012,abc,1,C5,C5,True,True,2.0649681091308594
Q-103,P-012,abc,1,B3,G3,False,True,2.064175844192505
Q-104,P-012,abc,1,0.5,2,False,True,2.156369924545288
Q-105,P-012,abc,1,5,5,True,True,2.7870681285858154
Q-106,P-012,abc,1,5,5,True,True,1.8667809963226318
Q-107,P-012,abc,1,0,0,True,True,2.3042056560516357
Q-108,P-012,abc,1,0.25,1,False,True,2.0292727947235107
Q-109,P-013,abc,1,8,7,False,True,2.266179084777832
Q-110,P-013,abc,1,12,8,False,True,2.4690678119659424
Q-111,P-013,abc,1,B4,B4,True,True,2.0762460231781006
Q-112,P-013,abc,1,G3,"A,1",False,True,1.9104011058807373
Q-113,P-013,abc,1,2,3,False,True,2.4233510494232178
Q-114,P-013,abc,1,6,6,True,True,2.0613949298858643
Q-115,P-013,abc,1,2,12,False,True,2.0643889904022217
Q-116,P-013,abc,1,0,1,False,True,2.471735954284668
Q-117,P-013,abc,1,1,1,True,True,2.077275037765503
Q-118,P-014,abc,1,22,16,False,True,2.7818939685821533
Q-119,P-014,abc,1,7,8,False,True,1.942209005355835
Q-120,P-014,abc,1,C5,C5,True,True,1.96352219581604
Q-121,P-014,abc,1,G2,"B,,,",False,True,2.1199629306793213
Q-122,P-014,abc,1,1,4,False,True,1.9927101135253906
Q-123,P-014,abc,1,6,6,True,True,3.003389835357666
Q-124,P-014,abc,1,5,1,False,True,2.2713887691497803
Q-125,P-014,abc,1,0,0,True,True,3.4940319061279297
Q-126,P-014,abc,1,0.25,0.25,True,True,2.3593530654907227
Q-127,P-015,abc,1,6,3,False,True,2.383924961090088
Q-128,P-015,abc,1,6,6,True,True,1.7598876953125
Q-129,P-015,abc,1,E5,C5,False,True,2.36308217048645
Q-130,P-015,abc,1,E3,E2,False,True,2.068514108657837
Q-131,P-015,abc,1,0.5,0.33,False,True,6.308945178985596
Q-132,P-015,abc,1,2,2,True,True,1.7509269714355469
Q-133,P-015,abc,1,9,0,False,True,2.2293701171875
Q-134,P-015,abc,1,0,0,True,True,3.0927541255950928
Q-135,P-015,abc,1,0.5,0.33,False,True,2.315429210662842
Q-136,P-016,abc,1,2,1,False,True,2.0804247856140137
Q-137,P-016,abc,1,14,8,False,True,1.9958291053771973
Q-138,P-016,abc,1,B5,B4,False,True,2.058626890182495
Q-139,P-016,abc,1,G2,"G,,2",True,True,2.277061939239502
Q-140,P-016,abc,1,1,4,False,True,3.702681064605713
Q-141,P-016,abc,1,1,1,True,True,1.689767837524414
Q-142,P-016,abc,1,3,10,False,True,2.1230478286743164
Q-143,P-016,abc,1,3,3,True,True,2.789390802383423
Q-144,P-016,abc,1,1,1,True,True,2.0847768783569336
Q-145,P-017,abc,1,8,5,False,True,2.248699188232422
Q-146,P-017,abc,1,15,10,False,True,2.070117235183716
Q-147,P-017,abc,1,A4,A4,True,True,3.746805191040039
Q-148,P-017,abc,1,B2,"B,1",False,True,2.787175178527832
Q-149,P-017,abc,1,1,4,False,True,8.462033033370972
Q-150,P-017,abc,1,3,3,True,True,3.290663957595825
Q-151,P-017,abc,1,5,0,False,True,2.0645229816436768
Q-152,P-017,abc,1,1,2,False,True,1.867983102798462
Q-153,P-017,abc,1,1,4,False,True,1.8468658924102783
Q-154,P-018,abc,1,2,1,False,True,2.0697319507598877
Q-155,P-018,abc,1,7,7,True,True,4.113316059112549
Q-156,P-018,abc,1,A5,C5,False,True,2.178576707839966
Q-157,P-018,abc,1,D#2,D#1,False,True,2.979109764099121
Q-158,P-018,abc,1,1,2,False,True,5.565490007400513
Q-159,P-018,abc,1,1,1,True,True,3.0729589462280273
Q-160,P-018,abc,1,9,17,False,True,2.8597939014434814
Q-161,P-018,abc,1,3,7,False,True,3.113793134689331
Q-162,P-018,abc,1,1,2,False,True,4.41490912437439
Q-163,P-019,abc,1,10,10,True,True,1.9036879539489746
Q-164,P-019,abc,1,6,5,False,True,2.183382034301758
Q-165,P-019,abc,1,C5,C5,True,True,2.824902296066284
Q-166,P-019,abc,1,D4,D2,False,True,2.194939136505127
Q-167,P-019,abc,1,1,4,False,True,2.143373966217041
Q-168,P-019,abc,1,2,2,True,True,1.7278327941894531
Q-169,P-019,abc,1,11,12,False,True,1.965688943862915
Q-170,P-019,abc,1,2,3,False,True,1.886415719985962
Q-171,P-019,abc,1,0.5,0,False,True,2.2704360485076904
Q-172,P-020,abc,1,8,8,True,True,2.2713658809661865
Q-173,P-020,abc,1,5,6,False,True,2.888381004333496
Q-174,P-020,abc,1,B4,B4,True,True,2.268336772918701
Q-175,P-020,abc,1,C4,C2,False,True,2.146475076675415
Q-176,P-020,abc,1,1.5,1.5,True,True,2.186859130859375
Q-177,P-020,abc,1,3,3,True,True,2.8832058906555176
Q-178,P-020,abc,1,13,12,False,True,2.4734950065612793
Q-179,P-020,abc,1,0,0,True,True,2.0637729167938232
Q-180,P-020,abc,1,0.25,0.25,True,True,2.6788270473480225
Q-181,P-021,abc,1,4,5,False,True,4.732202053070068
Q-182,P-021,abc,1,16,16,True,True,2.271099090576172
Q-183,P-021,abc,1,E5,E5,True,True,1.8972551822662354
Q-184,P-021,abc,1,E3,C2,False,True,2.2249300479888916
Q-185,P-021,abc,1,2,2,True,True,1.8645410537719727
Q-186,P-021,abc,1,3,4,False,True,2.405363082885742
Q-187,P-021,abc,1,11,0,False,True,2.7435688972473145
Q-188,P-021,abc,1,1,5,False,True,2.690241813659668
Q-189,P-021,abc,1,1,1,True,True,3.6074819564819336
Q-190,P-022,abc,1,20,5,False,True,1.945051908493042
Q-191,P-022,abc,1,7,6,False,True,1.8695449829101562
Q-192,P-022,abc,1,E4,E5,False,True,2.059769868850708
Q-193,P-022,abc,1,F2,"F,,2",True,True,2.472568988800049
Q-194,P-022,abc,1,1,4,False,True,1.794555902481079
Q-195,P-022,abc,1,3,3,True,True,2.5466229915618896
Q-196,P-022,abc,1,2,5,False,True,6.163806915283203
Q-197,P-022,abc,1,1,1,True,True,2.2676422595977783
Q-198,P-022,abc,1,0.5,0,False,True,1.8546831607818604
Q-199,P-023,abc,1,0,0,True,True,2.0662028789520264
Q-200,P-023,abc,1,4,4,True,True,2.0609512329101562
Q-201,P-023,abc,1,D5,D5,True,True,2.0697951316833496
Q-202,P-023,abc,1,N/A,N/A,True,True,2.472564935684204
Q-203,P-023,abc,1,0.5,1,False,True,1.920712947845459
Q-204,P-023,abc,1,N/A,0,False,True,2.0059828758239746
Q-205,P-023,abc,1,5,5,True,True,2.061397075653076
Q-206,P-023,abc,1,1,1,True,True,3.414977788925171
Q-207,P-023,abc,1,N/A,2,False,True,3.172308921813965
Q-208,P-024,abc,1,16,16,True,True,1.8151512145996094
Q-209,P-024,abc,1,7,10,False,True,2.3380661010742188
Q-210,P-024,abc,1,A4,A4,True,True,2.2398300170898438
Q-211,P-024,abc,1,D2,"D,,,",False,True,2.0624759197235107
Q-212,P-024,abc,1,1,4,False,True,2.373887062072754
Q-213,P-024,abc,1,4,4,True,True,2.371056079864502
Q-214,P-024,abc,1,9,17,False,True,2.2704081535339355
Q-215,P-024,abc,1,1,2,False,True,1.9509801864624023
Q-216,P-024,abc,1,0.25,0.25,True,True,2.786710023880005
Q-217,P-025,abc,1,8,6,False,True,3.0888612270355225
Q-218,P-025,abc,1,9,7,False,True,2.2693071365356445
Q-219,P-025,abc,1,A4,A4,True,True,1.8613078594207764
Q-220,P-025,abc,1,E3,"A,1",False,True,2.065615177154541
Q-221,P-025,abc,1,0.75,2,False,True,2.8832828998565674
Q-222,P-025,abc,1,5,4,False,True,2.1902527809143066
Q-223,P-025,abc,1,3,0,False,True,1.945551872253418
Q-224,P-025,abc,1,0,0,True,True,1.8499398231506348
Q-225,P-025,abc,1,0.25,2,False,True,2.0822980403900146
Q-226,P-026,abc,1,8,7,False,True,2.868525981903076
Q-227,P-026,abc,1,12,12,True,True,2.7979140281677246
Q-228,P-026,abc,1,F#5,F5,False,True,2.5843968391418457
Q-229,P-026,abc,1,D3,D2,False,True,2.2074592113494873
Q-230,P-026,abc,1,1,2,False,True,2.0915746688842773
Q-231,P-026,abc,1,6,6,True,True,1.8119230270385742
Q-232,P-026,abc,1,12,7,False,True,4.444354772567749
Q-233,P-026,abc,1,1,1,True,True,2.023560047149658
Q-234,P-026,abc,1,1,2,False,True,1.9602389335632324
Q-235,P-027,abc,1,6,4,False,True,1.7306852340698242
Q-236,P-027,abc,1,12,8,False,True,2.010784864425659
Q-237,P-027,abc,1,D5,D5,True,True,2.104618787765503
Q-238,P-027,abc,1,D3,D3,True,True,2.5228662490844727
Q-239,P-027,abc,1,0.5,2,False,True,2.8458240032196045
Q-240,P-027,abc,1,5,3,False,True,1.7658066749572754
Q-241,P-027,abc,1,5,7,False,True,3.6569230556488037
Q-242,P-027,abc,1,2,2,True,True,2.21248197555542
Q-243,P-027,abc,1,0.5,2,False,True,2.062148094177246
Q-244,P-028,abc,1,3,3,True,True,3.0889909267425537
Q-245,P-028,abc,1,8,5,False,True,2.695770263671875
Q-246,P-028,abc,1,A4,A4,True,True,2.457552194595337
Q-247,P-028,abc,1,C3,"C,2",False,True,2.017051935195923
Q-248,P-028,abc,1,2,2,True,True,1.9101920127868652
Q-249,P-028,abc,1,2,3,False,True,5.543554067611694
Q-250,P-028,abc,1,2,7,False,True,3.150125741958618
Q-251,P-028,abc,1,0,2,False,True,1.9498951435089111
Q-252,P-028,abc,1,2,4,False,True,2.091974973678589
Q-253,P-029,abc,1,8,6,False,True,2.1275908946990967
Q-254,P-029,abc,1,5,5,True,True,3.341109037399292
Q-255,P-029,abc,1,F5,F4,False,True,1.7778639793395996
Q-256,P-029,abc,1,G3,C2,False,True,2.1575570106506348
Q-257,P-029,abc,1,0.75,2,False,True,2.1769378185272217
Q-258,P-029,abc,1,3,3,True,True,1.8672571182250977
Q-259,P-029,abc,1,1,0,False,True,2.05696702003479
Q-260,P-029,abc,1,0,0,True,True,3.2020339965820312
Q-261,P-029,abc,1,0.25,0.25,True,True,2.5739290714263916
Q-262,P-030,abc,1,6,6,True,True,1.8530738353729248
Q-263,P-030,abc,1,3,3,True,True,1.7057771682739258
Q-264,P-030,abc,1,D5,D4,False,True,1.8521521091461182
Q-265,P-030,abc,1,F#3,F#2,False,True,2.165905237197876
Q-266,P-030,abc,1,1,2,False,True,1.720177173614502
Q-267,P-030,abc,1,5,6,False,True,1.7943599224090576
Q-268,P-030,abc,1,1,2,False,True,1.981321096420288
Q-269,P-030,abc,1,2,2,True,True,1.6008570194244385
Q-270,P-030,abc,1,0.5,1,False,True,2.265989065170288
Q-271,P-031,abc,1,10,4,False,True,2.6762869358062744
Q-272,P-031,abc,1,8,4,False,True,3.6531941890716553
Q-273,P-031,abc,1,F#5,F4,False,True,2.319873094558716
Q-274,P-031,abc,1,D2,"D,,2",True,True,1.872765064239502
Q-275,P-031,abc,1,0.5,1,False,True,2.1144278049468994
Q-276,P-031,abc,1,4,3,False,True,2.400186061859131
Q-277,P-031,abc,1,5,5,True,True,2.0706090927124023
Q-278,P-031,abc,1,0,0,True,True,2.2563698291778564
Q-279,P-031,abc,1,0.13,2,False,True,2.281377077102661
Q-280,P-032,abc,1,6,6,True,True,1.6586730480194092
Q-281,P-032,abc,1,8,8,True,True,1.8565030097961426
Q-282,P-032,abc,1,C5,C5,True,True,3.6723828315734863
Q-283,P-032,abc,1,Eb3,E3,False,True,3.9394078254699707
Q-284,P-032,abc,1,1.25,2,False,True,4.4409191608428955
Q-285,P-032,abc,1,3,3,True,True,1.5533950328826904
Q-286,P-032,abc,1,0,3,False,True,1.9520092010498047
Q-287,P-032,abc,1,0,0,True,True,1.7506611347198486
Q-288,P-032,abc,1,0.5,2,False,True,2.266345977783203
Q-289,P-033,abc,1,18,12,False,True,2.6870131492614746
Q-290,P-033,abc,1,14,16,False,True,2.887655019760132
Q-291,P-033,abc,1,F5,C5,False,True,2.096601724624634
Q-292,P-033,abc,1,F3,"B,1",False,True,3.261625051498413
Q-293,P-033,abc,1,1,2,False,True,2.5414962768554688
Q-294,P-033,abc,1,6,5,False,True,2.3993825912475586
Q-295,P-033,abc,1,3,13,False,True,2.889864921569824
Q-296,P-033,abc,1,2,3,False,True,2.8101770877838135
Q-297,P-033,abc,1,0.5,2,False,True,2.1750218868255615
Q-298,P-034,abc,1,11,4,False,True,1.9159209728240967
Q-299,P-034,abc,1,2,2,True,True,1.9837172031402588
Q-300,P-034,abc,1,B4,B4,True,True,2.6763901710510254
Q-301,P-034,abc,1,F3,F2,False,True,2.069082021713257
Q-302,P-034,abc,1,1.5,2,False,True,3.1069109439849854
Q-303,P-034,abc,1,3,3,True,True,3.2762601375579834
Q-304,P-034,abc,1,1,2,False,True,3.0889339447021484
Q-305,P-034,abc,1,2,2,True,True,2.6807079315185547
Q-306,P-034,abc,1,0.5,0.33,False,True,1.727146863937378
Q-307,P-035,abc,1,4,2,False,True,1.790057897567749
Q-308,P-035,abc,1,16,16,True,True,2.2655348777770996
Q-309,P-035,abc,1,Bb5,B4,False,True,2.2837109565734863
Q-310,P-035,abc,1,D3,D2,False,True,1.9093291759490967
Q-311,P-035,abc,1,1,4,False,True,2.194901943206787
Q-312,P-035,abc,1,2,2,True,True,3.169405221939087
Q-313,P-035,abc,1,15,14,False,True,2.0081698894500732
Q-314,P-035,abc,1,2,8,False,True,2.219783067703247
Q-315,P-035,abc,1,1,4,False,True,2.1195619106292725
Q-316,P-036,abc,1,12,12,True,True,1.9756512641906738
Q-317,P-036,abc,1,10,10,True,True,7.476964950561523
Q-318,P-036,abc,1,Gb5,Gb4,False,True,2.0436038970947266
Q-319,P-036,abc,1,Cb3,"D,2",False,True,1.9538681507110596
Q-320,P-036,abc,1,1.5,2,False,True,3.428968906402588
Q-321,P-036,abc,1,5,5,True,True,2.4753432273864746
Q-322,P-036,abc,1,3,10,False,True,2.2653510570526123
Q-323,P-036,abc,1,0,1,False,True,2.2390270233154297
Q-324,P-036,abc,1,0.25,1,False,True,2.3010029792785645
Q-325,P-037,abc,1,7,10,False,True,3.759755849838257
Q-326,P-037,abc,1,18,10,False,True,2.7892301082611084
Q-327,P-037,abc,1,G5,G5,True,True,2.118213176727295
Q-328,P-037,abc,1,Bb2,Bb1,False,True,2.912320613861084
Q-329,P-037,abc,1,1,2,False,True,2.4418840408325195
Q-330,P-037,abc,1,3,4,False,True,2.0632050037384033
Q-331,P-037,abc,1,0,7,False,True,2.4674298763275146
Q-332,P-037,abc,1,2,2,True,True,3.5050768852233887
Q-333,P-037,abc,1,1,2,False,True,2.2090301513671875
Q-334,P-038,abc,1,4,8,False,True,1.7775530815124512
Q-335,P-038,abc,1,8,8,True,True,2.1484479904174805
Q-336,P-038,abc,1,Db5,Db5,True,True,2.3295979499816895
Q-337,P-038,abc,1,A3,A0,False,True,2.692430019378662
Q-338,P-038,abc,1,4,8,False,True,2.6596789360046387
Q-339,P-038,abc,1,4,4,True,True,2.245788812637329
Q-340,P-038,abc,1,1,7,False,True,2.085218906402588
Q-341,P-038,abc,1,0,0,True,True,1.8612139225006104
Q-342,P-038,abc,1,4,2,False,True,3.287360906600952
Q-343,P-039,abc,1,4,8,False,True,2.681483030319214
Q-344,P-039,abc,1,32,32,True,True,2.34084415435791
Q-345,P-039,abc,1,Bb5,Bb4,False,True,3.0720949172973633
Q-346,P-039,abc,1,Bb2,Bb1,False,True,3.645810127258301
Q-347,P-039,abc,1,2,4,False,True,4.209243297576904
Q-348,P-039,abc,1,4,3,False,True,1.9663560390472412
Q-349,P-039,abc,1,14,13,False,True,2.300781011581421
Q-350,P-039,abc,1,1,4,False,True,2.3544020652770996
Q-351,P-039,abc,1,1,4,False,True,1.9559040069580078
Q-352,P-040,abc,1,3,3,True,True,2.2682158946990967
Q-353,P-040,abc,1,6,6,True,True,2.6847920417785645
Q-354,P-040,abc,1,Ab4,Ab4,True,True,2.0555317401885986
Q-355,P-040,abc,1,D3,D2,False,True,2.484518051147461
Q-356,P-040,abc,1,3,3,True,True,2.2712619304656982
Q-357,P-040,abc,1,3,3,True,True,2.06449031829834
Q-358,P-040,abc,1,3,7,False,True,2.2675740718841553
Q-359,P-040,abc,1,0,0,True,True,2.155595064163208
Q-360,P-040,abc,1,3,3,True,True,1.9730372428894043
Q-361,P-041,abc,1,5,6,False,True,1.7632229328155518
Q-362,P-041,abc,1,13,12,False,True,2.369156837463379
Q-363,P-041,abc,1,G5,G4,False,True,1.9381530284881592
Q-364,P-041,abc,1,D4,G3,False,True,2.6045989990234375
Q-365,P-041,abc,1,1,4,False,True,1.7664790153503418
Q-366,P-041,abc,1,5,3,False,True,2.1588051319122314
Q-367,P-041,abc,1,2,17,False,True,2.678218126296997
Q-368,P-041,abc,1,2,2,True,True,2.382351875305176
Q-369,P-041,abc,1,1,1,True,True,1.9506549835205078
Q-379,P-042,abc,1,4,4,True,True,1.8910648822784424
Q-380,P-042,abc,1,6,6,True,True,3.25886607170105
Q-381,P-042,abc,1,A5,A4,False,True,2.540191173553467
Q-382,P-042,abc,1,D#4,D3,False,True,1.994408130645752
Q-383,P-042,abc,1,0.5,0.5,True,True,2.678640842437744
Q-384,P-042,abc,1,3,3,True,True,3.9148781299591064
Q-385,P-042,abc,1,2,2,True,True,1.7236549854278564
Q-386,P-042,abc,1,2,6,False,True,2.2357048988342285
Q-387,P-042,abc,1,0.25,0.25,True,True,3.259917974472046
Q-388,P-043,abc,1,5,6,False,True,1.731903076171875
Q-389,P-043,abc,1,12,7,False,True,1.9841349124908447
Q-390,P-043,abc,1,B3,B3,True,True,2.6781229972839355
Q-391,P-043,abc,1,G#3,G#1,False,True,1.8792238235473633
Q-392,P-043,abc,1,1,2,False,True,2.6571500301361084
Q-393,P-043,abc,1,3,3,True,True,2.3622891902923584
Q-394,P-043,abc,1,5,0,False,True,2.769603967666626
Q-395,P-043,abc,1,0,0,True,True,2.1030590534210205
Q-396,P-043,abc,1,1,1.33,False,True,1.812356948852539
Q-397,P-044,abc,1,4,4,True,True,2.4989030361175537
Q-398,P-044,abc,1,9,7,False,True,3.093538999557495
Q-399,P-044,abc,1,C#5,C5,False,True,3.271127700805664
Q-400,P-044,abc,1,A3,"A,1",False,True,4.3388330936431885
Q-401,P-044,abc,1,3,3,True,True,1.7912330627441406
Q-402,P-044,abc,1,4,3,False,True,3.3605949878692627
Q-403,P-044,abc,1,5,7,False,True,2.267195224761963
Q-404,P-044,abc,1,0,0,True,True,2.26809024810791
Q-405,P-044,abc,1,3,3,True,True,3.498804807662964
Q-406,P-045,abc,1,5,4,False,True,2.1181628704071045
Q-407,P-045,abc,1,12,12,True,True,2.0148401260375977
Q-408,P-045,abc,1,F#4,F#4,True,True,2.068089246749878
Q-409,P-045,abc,1,G3,G#2,False,True,2.6776797771453857
Q-410,P-045,abc,1,0.75,0.67,False,True,2.3450100421905518
Q-411,P-045,abc,1,3,3,True,True,2.252147912979126
Q-412,P-045,abc,1,15,10,False,True,2.3709399700164795
Q-413,P-045,abc,1,0,0,True,True,4.975595951080322
Q-414,P-045,abc,1,0.75,0.75,True,True,1.8415589332580566
Q-001,P-001,abc,2,16,16,True,True,2.081029176712036
Q-002,P-001,abc,2,8,9,False,True,2.783918857574463
Q-003,P-001,abc,2,F5,F4,False,True,1.9027390480041504
Q-004,P-001,abc,2,F4,C3,False,True,1.9177241325378418
Q-005,P-001,abc,2,1.5,1,False,True,2.6648080348968506
Q-006,P-001,abc,2,5,4,False,True,1.7960221767425537
Q-007,P-001,abc,2,1,5,False,True,2.137155771255493
Q-008,P-001,abc,2,0,0,True,True,2.8844311237335205
Q-009,P-001,abc,2,0.25,1,False,True,2.707130193710327
Q-010,P-002,abc,2,24,7,False,True,3.8764679431915283
Q-011,P-002,abc,2,2,2,True,True,3.4511470794677734
Q-012,P-002,abc,2,E5,D5,False,True,2.1105451583862305
Q-013,P-002,abc,2,F3,F2,False,True,3.2476108074188232
Q-014,P-002,abc,2,0.33,1,False,True,1.9991002082824707
Q-015,P-002,abc,2,3,3,True,True,1.9705049991607666
Q-016,P-002,abc,2,2,0,False,True,3.4951610565185547
Q-017,P-002,abc,2,4,4,True,True,1.918189287185669
Q-018,P-002,abc,2,0.33,0.33,True,True,1.805860996246338
Q-019,P-003,abc,2,0,0,True,True,3.1957788467407227
Q-020,P-003,abc,2,1,1,True,True,2.044743776321411
Q-021,P-003,abc,2,G5,G4,False,True,1.9804129600524902
Q-022,P-003,abc,2,N/A,N/A,True,True,2.2088048458099365
Q-023,P-003,abc,2,0.5,0.5,True,True,2.1369807720184326
Q-024,P-003,abc,2,N/A,0,False,True,2.3851850032806396
Q-025,P-003,abc,2,0,0,True,True,1.9722230434417725
Q-026,P-003,abc,2,3,3,True,True,2.235619068145752
Q-027,P-003,abc,2,N/A,0,False,True,2.1274311542510986
Q-028,P-004,abc,2,6,3,False,True,2.5217201709747314
Q-029,P-004,abc,2,0,0,True,True,6.045621156692505
Q-030,P-004,abc,2,N/A,N/A,True,True,4.108197212219238
Q-031,P-004,abc,2,C2,"C,,2",True,True,2.8047659397125244
Q-032,P-004,abc,2,1,1,True,True,2.7567827701568604
Q-033,P-004,abc,2,3,3,True,True,2.272120952606201
Q-034,P-004,abc,2,N/A,0,False,True,8.22178602218628
Q-035,P-004,abc,2,1,1,True,True,2.7752809524536133
Q-036,P-004,abc,2,1,1,True,True,2.5648410320281982
Q-037,P-005,abc,2,3,3,True,True,2.60345196723938
Q-038,P-005,abc,2,5,6,False,True,2.5471150875091553
Q-039,P-005,abc,2,Eb5,Eb5,True,True,2.257545232772827
Q-040,P-005,abc,2,Eb4,Eb2,False,True,2.6896870136260986
Q-041,P-005,abc,2,2,2,True,True,1.9580211639404297
Q-042,P-005,abc,2,3,3,True,True,2.259495973587036
Q-043,P-005,abc,2,3,4,False,True,3.2101328372955322
Q-044,P-005,abc,2,4,4,True,True,1.865044355392456
Q-045,P-005,abc,2,1,2,False,True,2.329157829284668
Q-046,P-006,abc,2,4,3,False,True,3.624084949493408
Q-047,P-006,abc,2,6,6,True,True,3.699658155441284
Q-048,P-006,abc,2,G4,G4,True,True,2.0623419284820557
Q-049,P-006,abc,2,A3,B0,False,True,2.0684008598327637
Q-050,P-006,abc,2,1,2,False,True,1.6522672176361084
Q-051,P-006,abc,2,4,3,False,True,1.5931367874145508
Q-052,P-006,abc,2,2,2,True,True,2.535524845123291
Q-053,P-006,abc,2,0,0,True,True,2.0613269805908203
Q-054,P-006,abc,2,1,1,True,True,3.189699172973633
Q-055,P-007,abc,2,9,8,False,True,1.761498212814331
Q-056,P-007,abc,2,9,12,False,True,2.880560874938965
Q-057,P-007,abc,2,A4,A4,True,True,2.0703928470611572
Q-058,P-007,abc,2,A2,"A,,1",False,True,2.0637900829315186
Q-059,P-007,abc,2,0.5,2,False,True,2.062803030014038
Q-060,P-007,abc,2,6,6,True,True,2.1228928565979004
Q-061,P-007,abc,2,4,7,False,True,3.2134850025177
Q-062,P-007,abc,2,2,4,False,True,2.08235502243042
Q-063,P-007,abc,2,0.5,0.125,False,True,2.230613946914673
Q-064,P-008,abc,2,2,2,True,True,2.1903388500213623
Q-065,P-008,abc,2,2,2,True,True,1.7279689311981201
Q-066,P-008,abc,2,Ab4,A4,False,True,2.3203272819519043
Q-067,P-008,abc,2,Bb2,"B,,0",False,True,2.117583990097046
Q-068,P-008,abc,2,0.5,2,False,True,3.1737759113311768
Q-069,P-008,abc,2,2,2,True,True,1.9752600193023682
Q-070,P-008,abc,2,0,0,True,True,2.1486430168151855
Q-071,P-008,abc,2,4,4,True,True,2.1327240467071533
Q-072,P-008,abc,2,0.5,2,False,True,2.2733941078186035
Q-073,P-009,abc,2,12,12,True,True,2.193203926086426
Q-074,P-009,abc,2,6,6,True,True,1.9848120212554932
Q-075,P-009,abc,2,F5,F5,True,True,2.2321488857269287
Q-076,P-009,abc,2,A3,Bb2,False,True,3.0664398670196533
Q-077,P-009,abc,2,1,2,False,True,2.6781229972839355
Q-078,P-009,abc,2,5,4,False,True,1.8649930953979492
Q-079,P-009,abc,2,5,7,False,True,3.698383092880249
Q-080,P-009,abc,2,0,0,True,True,1.862428903579712
Q-081,P-009,abc,2,0.33,0.33,True,True,1.8956871032714844
Q-082,P-010,abc,2,8,16,False,True,2.437272071838379
Q-083,P-010,abc,2,8,7,False,True,6.1602699756622314
Q-084,P-010,abc,2,Bb4,B4,False,True,2.266047954559326
Q-085,P-010,abc,2,Cb4,C3,False,True,4.523634910583496
Q-086,P-010,abc,2,1,4,False,True,2.5597310066223145
Q-087,P-010,abc,2,4,3,False,True,2.0515270233154297
Q-088,P-010,abc,2,2,2,True,True,3.3044679164886475
Q-089,P-010,abc,2,0,0,True,True,3.2132506370544434
Q-090,P-010,abc,2,1,1,True,True,1.7446668148040771
Q-091,P-011,abc,2,2,2,True,True,2.222235918045044
Q-092,P-011,abc,2,6,6,True,True,1.6151409149169922
Q-093,P-011,abc,2,F5,F5,True,True,2.2683398723602295
Q-094,P-011,abc,2,F3,D3,False,True,2.5180318355560303
Q-095,P-011,abc,2,1,2,False,True,3.046616792678833
Q-096,P-011,abc,2,2,2,True,True,2.2683053016662598
Q-097,P-011,abc,2,1,7,False,True,2.1773786544799805
Q-098,P-011,abc,2,3,6,False,True,1.949458360671997
Q-099,P-011,abc,2,1,2,False,True,3.031449794769287
Q-100,P-012,abc,2,8,8,True,True,1.9141571521759033
Q-101,P-012,abc,2,4,6,False,True,1.8579959869384766
Q-102,P-012,abc,2,C5,C5,True,True,3.9082560539245605
Q-103,P-012,abc,2,B3,G3,False,True,3.500016689300537
Q-104,P-012,abc,2,0.5,2,False,True,1.854834794998169
Q-105,P-012,abc,2,5,5,True,True,1.8662972450256348
Q-106,P-012,abc,2,5,5,True,True,2.0627450942993164
Q-107,P-012,abc,2,0,0,True,True,2.6775121688842773
Q-108,P-012,abc,2,0.25,1,False,True,3.5036449432373047
Q-109,P-013,abc,2,8,7,False,True,2.0614778995513916
Q-110,P-013,abc,2,12,8,False,True,1.9713590145111084
Q-111,P-013,abc,2,B4,B4,True,True,2.0687012672424316
Q-112,P-013,abc,2,G3,"A,1",False,True,1.7458808422088623
Q-113,P-013,abc,2,2,4,False,True,2.0627188682556152
Q-114,P-013,abc,2,6,6,True,True,1.997204065322876
Q-115,P-013,abc,2,2,14,False,True,2.1274490356445312
Q-116,P-013,abc,2,0,0,True,True,2.438830852508545
Q-117,P-013,abc,2,1,1,True,True,2.3105359077453613
Q-118,P-014,abc,2,22,16,False,True,2.4714529514312744
Q-119,P-014,abc,2,7,8,False,True,1.7591731548309326
Q-120,P-014,abc,2,C5,C5,True,True,3.2446930408477783
Q-121,P-014,abc,2,G2,"B,,,",False,True,2.209057092666626
Q-122,P-014,abc,2,1,4,False,True,2.075700044631958
Q-123,P-014,abc,2,6,6,True,True,4.107122182846069
Q-124,P-014,abc,2,5,0,False,True,2.472714900970459
Q-125,P-014,abc,2,0,0,True,True,2.2064931392669678
Q-126,P-014,abc,2,0.25,0.25,True,True,2.4452548027038574
Q-127,P-015,abc,2,6,3,False,True,1.9560627937316895
Q-128,P-015,abc,2,6,6,True,True,1.8608787059783936
Q-129,P-015,abc,2,E5,C5,False,True,2.5343410968780518
Q-130,P-015,abc,2,E3,E2,False,True,2.216794729232788
Q-131,P-015,abc,2,0.5,0.33,False,True,3.1549220085144043
Q-132,P-015,abc,2,2,2,True,True,1.879777193069458
Q-133,P-015,abc,2,9,0,False,True,1.9591522216796875
Q-134,P-015,abc,2,0,0,True,True,1.8953609466552734
Q-135,P-015,abc,2,0.5,0.33,False,True,3.783540964126587
Q-136,P-016,abc,2,2,1,False,True,1.7577481269836426
Q-137,P-016,abc,2,14,8,False,True,2.1512482166290283
Q-138,P-016,abc,2,B5,B4,False,True,2.3099231719970703
Q-139,P-016,abc,2,G2,"G,,2",True,True,1.840890884399414
Q-140,P-016,abc,2,1,4,False,True,2.4743549823760986
Q-141,P-016,abc,2,1,1,True,True,1.9535801410675049
Q-142,P-016,abc,2,3,2,False,True,3.2912869453430176
Q-143,P-016,abc,2,3,3,True,True,2.474497079849243
Q-144,P-016,abc,2,1,4,False,True,2.0669238567352295
Q-145,P-017,abc,2,8,5,False,True,3.885645866394043
Q-146,P-017,abc,2,15,10,False,True,3.5213449001312256
Q-147,P-017,abc,2,A4,A4,True,True,3.9126179218292236
Q-148,P-017,abc,2,B2,"B,1",False,True,1.9932453632354736
Q-149,P-017,abc,2,1,4,False,True,2.1327600479125977
Q-150,P-017,abc,2,3,3,True,True,2.4872801303863525
Q-151,P-017,abc,2,5,0,False,True,2.0618882179260254
Q-152,P-017,abc,2,1,2,False,True,4.111192226409912
Q-153,P-017,abc,2,1,4,False,True,1.8360671997070312
Q-154,P-018,abc,2,2,0,False,True,2.0842788219451904
Q-155,P-018,abc,2,7,7,True,True,4.187443256378174
Q-156,P-018,abc,2,A5,C5,False,True,1.8203027248382568
Q-157,P-018,abc,2,D#2,D#1,False,True,4.824763059616089
Q-158,P-018,abc,2,1,2,False,True,4.168723106384277
Q-159,P-018,abc,2,1,1,True,True,1.9227700233459473
Q-160,P-018,abc,2,9,17,False,True,1.998486042022705
Q-161,P-018,abc,2,3,5,False,True,2.770094871520996
Q-162,P-018,abc,2,1,2,False,True,1.8575189113616943
Q-163,P-019,abc,2,10,10,True,True,2.4094431400299072
Q-164,P-019,abc,2,6,6,True,True,1.9753248691558838
Q-165,P-019,abc,2,C5,C5,True,True,2.1572859287261963
Q-166,P-019,abc,2,D4,D2,False,True,1.8732988834381104
Q-167,P-019,abc,2,1,4,False,True,1.850036859512329
Q-168,P-019,abc,2,2,2,True,True,2.266174077987671
Q-169,P-019,abc,2,11,10,False,True,1.6877429485321045
Q-170,P-019,abc,2,2,3,False,True,2.2451391220092773
Q-171,P-019,abc,2,0.5,0,False,True,1.864530086517334
Q-172,P-020,abc,2,8,8,True,True,2.0600461959838867
Q-173,P-020,abc,2,5,6,False,True,2.0684001445770264
Q-174,P-020,abc,2,B4,B4,True,True,2.0126991271972656
Q-175,P-020,abc,2,C4,C2,False,True,2.7992758750915527
Q-176,P-020,abc,2,1.5,1.5,True,True,1.9999399185180664
Q-177,P-020,abc,2,3,3,True,True,2.006127119064331
Q-178,P-020,abc,2,13,12,False,True,1.8848419189453125
Q-179,P-020,abc,2,0,0,True,True,2.3052408695220947
Q-180,P-020,abc,2,0.25,0.25,True,True,1.5737860202789307
Q-181,P-021,abc,2,4,5,False,True,1.9408247470855713
Q-182,P-021,abc,2,16,16,True,True,1.8945198059082031
Q-183,P-021,abc,2,E5,E5,True,True,4.6891679763793945
Q-184,P-021,abc,2,E3,C2,False,True,1.6911900043487549
Q-185,P-021,abc,2,2,2,True,True,1.6247432231903076
Q-186,P-021,abc,2,3,3,True,True,2.000901937484741
Q-187,P-021,abc,2,11,0,False,True,2.138618230819702
Q-188,P-021,abc,2,1,5,False,True,2.434404134750366
Q-189,P-021,abc,2,1,1,True,True,2.8164360523223877
Q-190,P-022,abc,2,20,5,False,True,2.3411169052124023
Q-191,P-022,abc,2,7,8,False,True,1.818605661392212
Q-192,P-022,abc,2,E4,E5,False,True,2.3457069396972656
Q-193,P-022,abc,2,F2,"F,,2",True,True,3.3851048946380615
Q-194,P-022,abc,2,1,4,False,True,1.977496862411499
Q-195,P-022,abc,2,3,3,True,True,2.059173107147217
Q-196,P-022,abc,2,2,5,False,True,2.0958688259124756
Q-197,P-022,abc,2,1,1,True,True,1.8367090225219727
Q-198,P-022,abc,2,0.5,0,False,True,1.9357199668884277
Q-199,P-023,abc,2,0,0,True,True,1.6946792602539062
Q-200,P-023,abc,2,4,4,True,True,2.732931613922119
Q-201,P-023,abc,2,D5,D5,True,True,2.301547050476074
Q-202,P-023,abc,2,N/A,N/A,True,True,2.4807350635528564
Q-203,P-023,abc,2,0.5,1,False,True,1.8565030097961426
Q-204,P-023,abc,2,N/A,0,False,True,2.2770071029663086
Q-205,P-023,abc,2,5,5,True,True,1.6554057598114014
Q-206,P-023,abc,2,1,1,True,True,1.7273550033569336
Q-207,P-023,abc,2,N/A,2,False,True,2.197632074356079
Q-208,P-024,abc,2,16,16,True,True,2.062750816345215
Q-209,P-024,abc,2,7,10,False,True,2.066240072250366
Q-210,P-024,abc,2,A4,A4,True,True,3.087874174118042
Q-211,P-024,abc,2,D2,"D,,,",False,True,2.0622692108154297
Q-212,P-024,abc,2,1,4,False,True,1.6113479137420654
Q-213,P-024,abc,2,4,3,False,True,1.9417150020599365
Q-214,P-024,abc,2,9,17,False,True,2.4393231868743896
Q-215,P-024,abc,2,1,2,False,True,1.86393404006958
Q-216,P-024,abc,2,0.25,1,False,True,1.8575592041015625
Q-217,P-025,abc,2,8,6,False,True,1.8598167896270752
Q-218,P-025,abc,2,9,7,False,True,2.2669360637664795
Q-219,P-025,abc,2,A4,A4,True,True,2.4265730381011963
Q-220,P-025,abc,2,E3,A2,False,True,2.04252290725708
Q-221,P-025,abc,2,0.75,2,False,True,2.9146361351013184
Q-222,P-025,abc,2,5,4,False,True,1.8780231475830078
Q-223,P-025,abc,2,3,0,False,True,2.5813369750976562
Q-224,P-025,abc,2,0,0,True,True,1.9775927066802979
Q-225,P-025,abc,2,0.25,2,False,True,2.24160099029541
Q-226,P-026,abc,2,8,7,False,True,1.7451720237731934
Q-227,P-026,abc,2,12,12,True,True,1.88651704788208
Q-228,P-026,abc,2,F#5,F5,False,True,2.0177319049835205
Q-229,P-026,abc,2,D3,D2,False,True,2.029553174972534
Q-230,P-026,abc,2,1,2,False,True,2.8822200298309326
Q-231,P-026,abc,2,6,6,True,True,1.908919095993042
Q-232,P-026,abc,2,12,7,False,True,2.1758100986480713
Q-233,P-026,abc,2,1,1,True,True,1.94173002243042
Q-234,P-026,abc,2,1,2,False,True,2.259437084197998
Q-235,P-027,abc,2,6,4,False,True,1.6195640563964844
Q-236,P-027,abc,2,12,8,False,True,2.2676751613616943
Q-237,P-027,abc,2,D5,D5,True,True,2.6813340187072754
Q-238,P-027,abc,2,D3,D3,True,True,2.311643123626709
Q-239,P-027,abc,2,0.5,2,False,True,3.0444791316986084
Q-240,P-027,abc,2,5,3,False,True,2.180163860321045
Q-241,P-027,abc,2,5,0,False,True,2.169806957244873
Q-242,P-027,abc,2,2,2,True,True,2.200709104537964
Q-243,P-027,abc,2,0.5,2,False,True,2.1346869468688965
Q-244,P-028,abc,2,3,3,True,True,1.9262070655822754
Q-245,P-028,abc,2,8,5,False,True,2.5961830615997314
Q-246,P-028,abc,2,A4,A4,True,True,3.21235728263855
Q-247,P-028,abc,2,C3,"C,2",False,True,2.3554351329803467
Q-248,P-028,abc,2,2,2,True,True,2.0667572021484375
Q-249,P-028,abc,2,2,3,False,True,2.67903995513916
Q-250,P-028,abc,2,2,7,False,True,3.798737049102783
Q-251,P-028,abc,2,0,1,False,True,1.772726058959961
Q-252,P-028,abc,2,2,4,False,True,2.856572151184082
Q-253,P-029,abc,2,8,6,False,True,1.8843121528625488
Q-254,P-029,abc,2,5,5,True,True,2.1304080486297607
Q-255,P-029,abc,2,F5,F5,True,True,1.9169530868530273
Q-256,P-029,abc,2,G3,C2,False,True,2.2903659343719482
Q-257,P-029,abc,2,0.75,2,False,True,2.926974058151245
Q-258,P-029,abc,2,3,3,True,True,3.5154170989990234
Q-259,P-029,abc,2,1,0,False,True,1.8656580448150635
Q-260,P-029,abc,2,0,0,True,True,3.0871739387512207
Q-261,P-029,abc,2,0.25,1,False,True,2.0687408447265625
Q-262,P-030,abc,2,6,6,True,True,2.0217621326446533
Q-263,P-030,abc,2,3,3,True,True,2.2640738487243652
Q-264,P-030,abc,2,D5,D4,False,True,1.6456677913665771
Q-265,P-030,abc,2,F#3,F#2,False,True,2.121913194656372
Q-266,P-030,abc,2,1,2,False,True,2.1058671474456787
Q-267,P-030,abc,2,5,6,False,True,3.265671968460083
Q-268,P-030,abc,2,1,2,False,True,1.7909250259399414
Q-269,P-030,abc,2,2,2,True,True,1.8519060611724854
Q-270,P-030,abc,2,0.5,2,False,True,2.2974629402160645
Q-271,P-031,abc,2,10,4,False,True,1.793212890625
Q-272,P-031,abc,2,8,4,False,True,2.777433156967163
Q-273,P-031,abc,2,F#5,F4,False,True,1.858705997467041
Q-274,P-031,abc,2,D2,"D,,2",True,True,1.9031648635864258
Q-275,P-031,abc,2,0.5,1,False,True,1.756546974182129
Q-276,P-031,abc,2,4,3,False,True,2.32913875579834
Q-277,P-031,abc,2,5,5,True,True,3.2899010181427
Q-278,P-031,abc,2,0,0,True,True,2.0642311573028564
Q-279,P-031,abc,2,0.13,1,False,True,4.2475550174713135
Q-280,P-032,abc,2,6,6,True,True,1.6454558372497559
Q-281,P-032,abc,2,8,8,True,True,1.852579116821289
Q-282,P-032,abc,2,C5,C5,True,True,1.843231201171875
Q-283,P-032,abc,2,Eb3,E3,False,True,2.173128128051758
Q-284,P-032,abc,2,1.25,2,False,True,2.6788649559020996
Q-285,P-032,abc,2,3,3,True,True,4.583304166793823
Q-286,P-032,abc,2,0,3,False,True,2.334482192993164
Q-287,P-032,abc,2,0,0,True,True,3.824608087539673
Q-288,P-032,abc,2,0.5,2,False,True,2.162370204925537
Q-289,P-033,abc,2,18,14,False,True,2.2892351150512695
Q-290,P-033,abc,2,14,16,False,True,2.0039689540863037
Q-291,P-033,abc,2,F5,C5,False,True,1.8247849941253662
Q-292,P-033,abc,2,F3,"B,1",False,True,2.7457170486450195
Q-293,P-033,abc,2,1,2,False,True,1.8610339164733887
Q-294,P-033,abc,2,6,5,False,True,1.790226936340332
Q-295,P-033,abc,2,3,13,False,True,1.924159049987793
Q-296,P-033,abc,2,2,3,False,True,1.871039867401123
Q-297,P-033,abc,2,0.5,2,False,True,2.5160109996795654
Q-298,P-034,abc,2,11,4,False,True,3.9489028453826904
Q-299,P-034,abc,2,2,2,True,True,1.8677351474761963
Q-300,P-034,abc,2,B4,B4,True,True,2.051260232925415
Q-301,P-034,abc,2,F3,F2,False,True,2.0718231201171875
Q-302,P-034,abc,2,1.5,2,False,True,2.274887800216675
Q-303,P-034,abc,2,3,2,False,True,2.061594247817993
Q-304,P-034,abc,2,1,2,False,True,3.355458974838257
Q-305,P-034,abc,2,2,2,True,True,3.239108085632324
Q-306,P-034,abc,2,0.5,0.33,False,True,1.686302900314331
Q-307,P-035,abc,2,4,2,False,True,1.8864781856536865
Q-308,P-035,abc,2,16,16,True,True,2.1006879806518555
Q-309,P-035,abc,2,Bb5,B4,False,True,2.1765379905700684
Q-310,P-035,abc,2,D3,D2,False,True,2.982653856277466
Q-311,P-035,abc,2,1,4,False,True,1.9688522815704346
Q-312,P-035,abc,2,2,2,True,True,1.9978981018066406
Q-313,P-035,abc,2,15,12,False,True,2.8448052406311035
Q-314,P-035,abc,2,2,2,True,True,1.7267720699310303
Q-315,P-035,abc,2,1,4,False,True,4.157698154449463
Q-316,P-036,abc,2,12,12,True,True,3.497314929962158
Q-317,P-036,abc,2,10,10,True,True,1.8306548595428467
Q-318,P-036,abc,2,Gb5,Gb4,False,True,1.7865509986877441
Q-319,P-036,abc,2,Cb3,D2,False,True,3.390615940093994
Q-320,P-036,abc,2,1.5,2,False,True,2.888672113418579
Q-321,P-036,abc,2,5,5,True,True,2.0627081394195557
Q-322,P-036,abc,2,3,10,False,True,1.8546879291534424
Q-323,P-036,abc,2,0,1,False,True,1.6499860286712646
Q-324,P-036,abc,2,0.25,1,False,True,2.071263074874878
Q-325,P-037,abc,2,7,10,False,True,2.269167900085449
Q-326,P-037,abc,2,18,7,False,True,2.0702810287475586
Q-327,P-037,abc,2,G5,G5,True,True,2.053285837173462
Q-328,P-037,abc,2,Bb2,Bb1,False,True,1.8742809295654297
Q-329,P-037,abc,2,1,2,False,True,1.8587000370025635
Q-330,P-037,abc,2,3,4,False,True,1.8630321025848389
Q-331,P-037,abc,2,0,7,False,True,2.060922145843506
Q-332,P-037,abc,2,2,2,True,True,2.343367099761963
Q-333,P-037,abc,2,1,2,False,True,6.706444978713989
Q-334,P-038,abc,2,4,8,False,True,1.761559009552002
Q-335,P-038,abc,2,8,8,True,True,4.531482219696045
Q-336,P-038,abc,2,Db5,Db5,True,True,3.177250623703003
Q-337,P-038,abc,2,A3,A0,False,True,3.2947189807891846
Q-338,P-038,abc,2,4,8,False,True,2.2725539207458496
Q-339,P-038,abc,2,4,4,True,True,2.624889850616455
Q-340,P-038,abc,2,1,7,False,True,4.48549485206604
Q-341,P-038,abc,2,0,0,True,True,4.6131370067596436
Q-342,P-038,abc,2,4,2,False,True,2.062937021255493
Q-343,P-039,abc,2,4,8,False,True,2.572711944580078
Q-344,P-039,abc,2,32,32,True,True,2.1742327213287354
Q-345,P-039,abc,2,Bb5,Bb4,False,True,1.8632707595825195
Q-346,P-039,abc,2,Bb2,Bb1,False,True,2.065648078918457
Q-347,P-039,abc,2,2,4,False,True,2.0652289390563965
Q-348,P-039,abc,2,4,3,False,True,1.6390650272369385
Q-349,P-039,abc,2,14,13,False,True,2.0727009773254395
Q-350,P-039,abc,2,1,4,False,True,1.7951469421386719
Q-351,P-039,abc,2,1,4,False,True,2.945279121398926
Q-352,P-040,abc,2,3,3,True,True,1.7913360595703125
Q-353,P-040,abc,2,6,6,True,True,2.1320199966430664
Q-354,P-040,abc,2,Ab4,Ab4,True,True,2.883718967437744
Q-355,P-040,abc,2,D3,D2,False,True,3.2622039318084717
Q-356,P-040,abc,2,3,3,True,True,2.4211792945861816
Q-357,P-040,abc,2,3,3,True,True,1.9387140274047852
Q-358,P-040,abc,2,3,7,False,True,2.1264610290527344
Q-359,P-040,abc,2,0,0,True,True,2.005807876586914
Q-360,P-040,abc,2,3,3,True,True,1.8668560981750488
Q-361,P-041,abc,2,5,3,False,True,2.173574209213257
Q-362,P-041,abc,2,13,12,False,True,2.1397581100463867
Q-363,P-041,abc,2,G5,G4,False,True,2.6685380935668945
Q-364,P-041,abc,2,D4,G3,False,True,2.918017864227295
Q-365,P-041,abc,2,1,4,False,True,1.706063985824585
Q-366,P-041,abc,2,5,3,False,True,2.486600160598755
Q-367,P-041,abc,2,2,17,False,True,2.2022080421447754
Q-368,P-041,abc,2,2,2,True,True,2.065587043762207
Q-369,P-041,abc,2,1,1,True,True,2.1790621280670166
Q-379,P-042,abc,2,4,4,True,True,2.054705858230591
Q-380,P-042,abc,2,6,6,True,True,1.9523987770080566
Q-381,P-042,abc,2,A5,A5,True,True,2.0770070552825928
Q-382,P-042,abc,2,D#4,D3,False,True,2.0680651664733887
Q-383,P-042,abc,2,0.5,2,False,True,1.8602471351623535
Q-384,P-042,abc,2,3,3,True,True,2.0875420570373535
Q-385,P-042,abc,2,2,2,True,True,3.479750156402588
Q-386,P-042,abc,2,2,6,False,True,2.7739078998565674
Q-387,P-042,abc,2,0.25,0.25,True,True,2.9340360164642334
Q-388,P-043,abc,2,5,6,False,True,2.218618154525757
Q-389,P-043,abc,2,12,7,False,True,1.7630648612976074
Q-390,P-043,abc,2,B3,B3,True,True,3.291208028793335
Q-391,P-043,abc,2,G#3,G#1,False,True,1.8372488021850586
Q-392,P-043,abc,2,1,2,False,True,2.6994259357452393
Q-393,P-043,abc,2,3,3,True,True,1.7446348667144775
Q-394,P-043,abc,2,5,0,False,True,1.972679853439331
Q-395,P-043,abc,2,0,0,True,True,2.6482009887695312
Q-396,P-043,abc,2,1,1,True,True,1.6720240116119385
Q-397,P-044,abc,2,4,4,True,True,2.0770978927612305
Q-398,P-044,abc,2,9,8,False,True,2.0688600540161133
Q-399,P-044,abc,2,C#5,C5,False,True,4.936294078826904
Q-400,P-044,abc,2,A3,"A,1",False,True,2.268789291381836
Q-401,P-044,abc,2,3,3,True,True,1.855942964553833
Q-402,P-044,abc,2,4,3,False,True,1.8593168258666992
Q-403,P-044,abc,2,5,7,False,True,2.2720229625701904
Q-404,P-044,abc,2,0,0,True,True,2.283215045928955
Q-405,P-044,abc,2,3,3,True,True,2.467137098312378
Q-406,P-045,abc,2,5,6,False,True,4.319123983383179
Q-407,P-045,abc,2,12,12,True,True,2.881243944168091
Q-408,P-045,abc,2,F#4,F#4,True,True,2.4704430103302
Q-409,P-045,abc,2,G3,G#2,False,True,2.47637677192688
Q-410,P-045,abc,2,0.75,0.67,False,True,2.2688639163970947
Q-411,P-045,abc,2,3,3,True,True,2.273477077484131
Q-412,P-045,abc,2,15,10,False,True,2.882972240447998
Q-413,P-045,abc,2,0,0,True,True,3.243232011795044
Q-414,P-045,abc,2,0.75,0.75,True,True,3.5464260578155518
Q-001,P-001,abc,3,16,16,True,True,3.2874491214752197
Q-002,P-001,abc,3,8,9,False,True,2.0803236961364746
Q-003,P-001,abc,3,F5,F4,False,True,2.740393877029419
Q-004,P-001,abc,3,F4,C3,False,True,2.0154361724853516
Q-005,P-001,abc,3,1.5,1,False,True,2.044577121734619
Q-006,P-001,abc,3,5,4,False,True,3.971134901046753
Q-007,P-001,abc,3,1,5,False,True,1.9223198890686035
Q-008,P-001,abc,3,0,0,True,True,1.9416189193725586
Q-009,P-001,abc,3,0.25,1,False,True,3.0925188064575195
Q-010,P-002,abc,3,24,7,False,True,1.8610761165618896
Q-011,P-002,abc,3,2,2,True,True,2.267533779144287
Q-012,P-002,abc,3,E5,D5,False,True,2.4784750938415527
Q-013,P-002,abc,3,F3,F2,False,True,2.0640649795532227
Q-014,P-002,abc,3,0.33,1,False,True,1.7550058364868164
Q-015,P-002,abc,3,3,3,True,True,4.61561393737793
Q-016,P-002,abc,3,2,0,False,True,1.8728790283203125
Q-017,P-002,abc,3,4,4,True,True,3.494899034500122
Q-018,P-002,abc,3,0.33,0.33,True,True,1.7511038780212402
Q-019,P-003,abc,3,0,0,True,True,2.3858087062835693
Q-020,P-003,abc,3,1,1,True,True,2.2738280296325684
Q-021,P-003,abc,3,G5,G4,False,True,2.8786561489105225
Q-022,P-003,abc,3,N/A,N/A,True,True,2.4607350826263428
Q-023,P-003,abc,3,0.5,0.5,True,True,1.9211018085479736
Q-024,P-003,abc,3,N/A,0,False,True,2.025026798248291
Q-025,P-003,abc,3,0,0,True,True,1.732814073562622
Q-026,P-003,abc,3,3,3,True,True,2.0123560428619385
Q-027,P-003,abc,3,N/A,0,False,True,1.8955199718475342
Q-028,P-004,abc,3,6,3,False,True,2.1098251342773438
Q-029,P-004,abc,3,0,0,True,True,1.8933179378509521
Q-030,P-004,abc,3,N/A,N/A,True,True,2.3018288612365723
Q-031,P-004,abc,3,C2,"C,,2",True,True,2.8436689376831055
Q-032,P-004,abc,3,1,1,True,True,2.931591272354126
Q-033,P-004,abc,3,3,3,True,True,2.1204988956451416
Q-034,P-004,abc,3,N/A,0,False,True,2.437314033508301
Q-035,P-004,abc,3,1,1,True,True,3.904392957687378
Q-036,P-004,abc,3,1,1,True,True,1.8582170009613037
Q-037,P-005,abc,3,3,3,True,True,2.88959002494812
Q-038,P-005,abc,3,5,5,True,True,2.820859909057617
Q-039,P-005,abc,3,Eb5,Eb5,True,True,2.3243629932403564
Q-040,P-005,abc,3,Eb4,Gb2,False,True,2.0626590251922607
Q-041,P-005,abc,3,2,2,True,True,3.089068651199341
Q-042,P-005,abc,3,3,3,True,True,1.8591101169586182
Q-043,P-005,abc,3,3,4,False,True,2.082285165786743
Q-044,P-005,abc,3,4,4,True,True,2.952014207839966
Q-045,P-005,abc,3,1,2,False,True,1.9846179485321045
Q-046,P-006,abc,3,4,3,False,True,3.937278985977173
Q-047,P-006,abc,3,6,6,True,True,2.206063985824585
Q-048,P-006,abc,3,G4,G4,True,True,1.8904860019683838
Q-049,P-006,abc,3,A3,B0,False,True,2.2698090076446533
Q-050,P-006,abc,3,1,2,False,True,2.0631659030914307
Q-051,P-006,abc,3,4,3,False,True,1.8584470748901367
Q-052,P-006,abc,3,2,2,True,True,2.0506770610809326
Q-053,P-006,abc,3,0,0,True,True,2.089632987976074
Q-054,P-006,abc,3,1,1,True,True,1.857853889465332
Q-055,P-007,abc,3,9,8,False,True,2.84146785736084
Q-056,P-007,abc,3,9,12,False,True,1.8788421154022217
Q-057,P-007,abc,3,A4,A4,True,True,2.0827009677886963
Q-058,P-007,abc,3,A2,"A,,1",False,True,2.270425796508789
Q-059,P-007,abc,3,0.5,2,False,True,2.085233211517334
Q-060,P-007,abc,3,6,6,True,True,3.2790591716766357
Q-061,P-007,abc,3,4,7,False,True,2.2298059463500977
Q-062,P-007,abc,3,2,4,False,True,2.055140972137451
Q-063,P-007,abc,3,0.5,0.125,False,True,3.342578887939453
Q-064,P-008,abc,3,2,2,True,True,1.594817876815796
Q-065,P-008,abc,3,2,2,True,True,3.97171688079834
Q-066,P-008,abc,3,Ab4,A4,False,True,1.8593699932098389
Q-067,P-008,abc,3,Bb2,"B,,0",False,True,2.483311891555786
Q-068,P-008,abc,3,0.5,2,False,True,2.6378607749938965
Q-069,P-008,abc,3,2,2,True,True,1.8917696475982666
Q-070,P-008,abc,3,0,0,True,True,1.8567616939544678
Q-071,P-008,abc,3,4,4,True,True,6.1641552448272705
Q-072,P-008,abc,3,0.5,2,False,True,1.914780855178833
Q-073,P-009,abc,3,12,12,True,True,2.427090883255005
Q-074,P-009,abc,3,6,6,True,True,1.9849708080291748
Q-075,P-009,abc,3,F5,F5,True,True,3.1678240299224854
Q-076,P-009,abc,3,A3,F3,False,True,2.8803458213806152
Q-077,P-009,abc,3,1,2,False,True,2.2743067741394043
Q-078,P-009,abc,3,5,3,False,True,2.4727060794830322
Q-079,P-009,abc,3,5,7,False,True,2.270329713821411
Q-080,P-009,abc,3,0,0,True,True,2.059307098388672
Q-081,P-009,abc,3,0.33,0.33,True,True,2.023376226425171
Q-082,P-010,abc,3,8,4,False,True,2.676021099090576
Q-083,P-010,abc,3,8,7,False,True,2.320380210876465
Q-084,P-010,abc,3,Bb4,B4,False,True,3.099663019180298
Q-085,P-010,abc,3,Cb4,C3,False,True,2.082848072052002
Q-086,P-010,abc,3,1,4,False,True,2.032252073287964
Q-087,P-010,abc,3,4,3,False,True,3.5886731147766113
Q-088,P-010,abc,3,2,1,False,True,2.1547770500183105
Q-089,P-010,abc,3,0,0,True,True,1.9907708168029785
Q-090,P-010,abc,3,1,1,True,True,1.745316982269287
Q-091,P-011,abc,3,2,2,True,True,3.1685590744018555
Q-092,P-011,abc,3,6,6,True,True,3.0083789825439453
Q-093,P-011,abc,3,F5,F5,True,True,2.268620014190674
Q-094,P-011,abc,3,F3,F2,False,True,4.723934888839722
Q-095,P-011,abc,3,1,2,False,True,1.7959961891174316
Q-096,P-011,abc,3,2,2,True,True,2.4200758934020996
Q-097,P-011,abc,3,1,7,False,True,2.341123104095459
Q-098,P-011,abc,3,3,6,False,True,2.1063449382781982
Q-099,P-011,abc,3,1,2,False,True,3.4203100204467773
Q-100,P-012,abc,3,8,8,True,True,1.8256661891937256
Q-101,P-012,abc,3,4,6,False,True,1.759068250656128
Q-102,P-012,abc,3,C5,C5,True,True,3.110696792602539
Q-103,P-012,abc,3,B3,Bb3,False,True,2.0495870113372803
Q-104,P-012,abc,3,0.5,2,False,True,2.2636220455169678
Q-105,P-012,abc,3,5,5,True,True,2.4764370918273926
Q-106,P-012,abc,3,5,5,True,True,1.8586740493774414
Q-107,P-012,abc,3,0,0,True,True,3.090649127960205
Q-108,P-012,abc,3,0.25,1,False,True,2.266572952270508
Q-109,P-013,abc,3,8,7,False,True,2.0681190490722656
Q-110,P-013,abc,3,12,8,False,True,1.7834298610687256
Q-111,P-013,abc,3,B4,B5,False,True,2.400239944458008
Q-112,P-013,abc,3,G3,E2,False,True,2.4236631393432617
Q-113,P-013,abc,3,2,4,False,True,4.730222940444946
Q-114,P-013,abc,3,6,6,True,True,1.8042597770690918
Q-115,P-013,abc,3,2,12,False,True,1.714111089706421
Q-116,P-013,abc,3,0,0,True,True,4.928678035736084
Q-117,P-013,abc,3,1,1,True,True,1.8585131168365479
Q-118,P-014,abc,3,22,16,False,True,2.0045008659362793
Q-119,P-014,abc,3,7,8,False,True,2.293278932571411
Q-120,P-014,abc,3,C5,C5,True,True,2.5075502395629883
Q-121,P-014,abc,3,G2,"B,,,",False,True,2.4717061519622803
Q-122,P-014,abc,3,1,4,False,True,1.9220688343048096
Q-123,P-014,abc,3,6,7,False,True,2.405841827392578
Q-124,P-014,abc,3,5,1,False,True,1.893815040588379
Q-125,P-014,abc,3,0,0,True,True,2.0308890342712402
Q-126,P-014,abc,3,0.25,0.25,True,True,2.1466400623321533
Q-127,P-015,abc,3,6,3,False,True,2.389237880706787
Q-128,P-015,abc,3,6,6,True,True,2.0619609355926514
Q-129,P-015,abc,3,E5,C5,False,True,2.0664169788360596
Q-130,P-015,abc,3,E3,E2,False,True,2.692389726638794
Q-131,P-015,abc,3,0.5,0.33,False,True,2.254072904586792
Q-132,P-015,abc,3,2,2,True,True,2.065708875656128
Q-133,P-015,abc,3,9,0,False,True,2.0400850772857666
Q-134,P-015,abc,3,0,0,True,True,1.9794139862060547
Q-135,P-015,abc,3,0.5,0.33,False,True,1.9648799896240234
Q-136,P-016,abc,3,2,1,False,True,2.9306650161743164
Q-137,P-016,abc,3,14,8,False,True,1.820457935333252
Q-138,P-016,abc,3,B5,B4,False,True,1.8656659126281738
Q-139,P-016,abc,3,G2,"G,,2",True,True,2.2703750133514404
Q-140,P-016,abc,3,1,4,False,True,2.3058011531829834
Q-141,P-016,abc,3,1,1,True,True,2.081609010696411
Q-142,P-016,abc,3,3,10,False,True,2.1708850860595703
Q-143,P-016,abc,3,3,3,True,True,1.8529939651489258
Q-144,P-016,abc,3,1,4,False,True,2.223266839981079
Q-145,P-017,abc,3,8,5,False,True,3.185176134109497
Q-146,P-017,abc,3,15,10,False,True,3.0887062549591064
Q-147,P-017,abc,3,A4,A4,True,True,2.065566062927246
Q-148,P-017,abc,3,B2,"B,1",False,True,2.252678155899048
Q-149,P-017,abc,3,1,4,False,True,2.6988799571990967
Q-150,P-017,abc,3,3,3,True,True,1.9983768463134766
Q-151,P-017,abc,3,5,0,False,True,2.9457321166992188
Q-152,P-017,abc,3,1,2,False,True,2.476261854171753
Q-153,P-017,abc,3,1,4,False,True,1.8454749584197998
Q-154,P-018,abc,3,2,0,False,True,2.3502211570739746
Q-155,P-018,abc,3,7,7,True,True,1.9965920448303223
Q-156,P-018,abc,3,A5,C5,False,True,2.061187982559204
Q-157,P-018,abc,3,D#2,D#1,False,True,2.0674688816070557
Q-158,P-018,abc,3,1,2,False,True,1.8633990287780762
Q-159,P-018,abc,3,1,1,True,True,2.435835123062134
Q-160,P-018,abc,3,9,17,False,True,2.509174108505249
Q-161,P-018,abc,3,3,7,False,True,3.1609790325164795
Q-162,P-018,abc,3,1,2,False,True,1.7556207180023193
Q-163,P-019,abc,3,10,10,True,True,2.573667049407959
Q-164,P-019,abc,3,6,6,True,True,2.8119561672210693
Q-165,P-019,abc,3,C5,C5,True,True,2.06364107131958
Q-166,P-019,abc,3,D4,D2,False,True,2.060497999191284
Q-167,P-019,abc,3,1,4,False,True,2.683232069015503
Q-168,P-019,abc,3,2,2,True,True,2.06124210357666
Q-169,P-019,abc,3,11,12,False,True,3.2959249019622803
Q-170,P-019,abc,3,2,3,False,True,3.0934860706329346
Q-171,P-019,abc,3,0.5,0,False,True,1.8536710739135742
Q-172,P-020,abc,3,8,8,True,True,3.0966920852661133
Q-173,P-020,abc,3,5,5,True,True,1.8201651573181152
Q-174,P-020,abc,3,B4,B4,True,True,2.05822491645813
Q-175,P-020,abc,3,C4,C3,False,True,2.1107492446899414
Q-176,P-020,abc,3,1.5,1.5,True,True,1.9760570526123047
Q-177,P-020,abc,3,3,3,True,True,1.996938943862915
Q-178,P-020,abc,3,13,12,False,True,2.502305030822754
Q-179,P-020,abc,3,0,0,True,True,1.6092479228973389
Q-180,P-020,abc,3,0.25,0.25,True,True,2.2417948246002197
Q-181,P-021,abc,3,4,5,False,True,1.8650801181793213
Q-182,P-021,abc,3,16,16,True,True,2.0691137313842773
Q-183,P-021,abc,3,E5,E5,True,True,2.475130081176758
Q-184,P-021,abc,3,E3,C2,False,True,2.0620548725128174
Q-185,P-021,abc,3,2,2,True,True,1.8590388298034668
Q-186,P-021,abc,3,3,4,False,True,1.7993981838226318
Q-187,P-021,abc,3,11,7,False,True,2.3499350547790527
Q-188,P-021,abc,3,1,5,False,True,2.043363094329834
Q-189,P-021,abc,3,1,1,True,True,1.861781120300293
Q-190,P-022,abc,3,20,5,False,True,2.1548869609832764
Q-191,P-022,abc,3,7,8,False,True,1.764098882675171
Q-192,P-022,abc,3,E4,E5,False,True,1.8576059341430664
Q-193,P-022,abc,3,F2,"F,,2",True,True,2.274731159210205
Q-194,P-022,abc,3,1,4,False,True,1.865964651107788
Q-195,P-022,abc,3,3,3,True,True,2.676483154296875
Q-196,P-022,abc,3,2,5,False,True,2.061803102493286
Q-197,P-022,abc,3,1,1,True,True,2.679394006729126
Q-198,P-022,abc,3,0.5,0,False,True,1.860753059387207
Q-199,P-023,abc,3,0,0,True,True,2.4938488006591797
Q-200,P-023,abc,3,4,4,True,True,1.869048833847046
Q-201,P-023,abc,3,D5,D5,True,True,2.0599820613861084
Q-202,P-023,abc,3,N/A,N/A,True,True,2.160902261734009
Q-203,P-023,abc,3,0.5,1,False,True,3.3911821842193604
Q-204,P-023,abc,3,N/A,0,False,True,2.0178277492523193
Q-205,P-023,abc,3,5,5,True,True,2.137216806411743
Q-206,P-023,abc,3,1,1,True,True,2.059225082397461
Q-207,P-023,abc,3,N/A,2,False,True,2.09493088722229
Q-208,P-024,abc,3,16,16,True,True,2.2324471473693848
Q-209,P-024,abc,3,7,10,False,True,2.244601011276245
Q-210,P-024,abc,3,A4,A4,True,True,2.0226502418518066
Q-211,P-024,abc,3,D2,"D,,,",False,True,1.929069995880127
Q-212,P-024,abc,3,1,4,False,True,3.260857105255127
Q-213,P-024,abc,3,4,3,False,True,1.774444580078125
Q-214,P-024,abc,3,9,17,False,True,2.797137975692749
Q-215,P-024,abc,3,1,2,False,True,1.7167353630065918
Q-216,P-024,abc,3,0.25,1,False,True,1.9527029991149902
Q-217,P-025,abc,3,8,6,False,True,1.906174898147583
Q-218,P-025,abc,3,9,7,False,True,2.0677261352539062
Q-219,P-025,abc,3,A4,A4,True,True,2.1234161853790283
Q-220,P-025,abc,3,E3,A1,False,True,3.2308201789855957
Q-221,P-025,abc,3,0.75,2,False,True,2.682366132736206
Q-222,P-025,abc,3,5,4,False,True,2.063861131668091
Q-223,P-025,abc,3,3,0,False,True,1.8622629642486572
Q-224,P-025,abc,3,0,0,True,True,2.2671706676483154
Q-225,P-025,abc,3,0.25,2,False,True,2.0659000873565674
Q-226,P-026,abc,3,8,7,False,True,2.6805949211120605
Q-227,P-026,abc,3,12,12,True,True,3.477349042892456
Q-228,P-026,abc,3,F#5,F5,False,True,2.084076166152954
Q-229,P-026,abc,3,D3,D2,False,True,1.9760830402374268
Q-230,P-026,abc,3,1,2,False,True,2.7718701362609863
Q-231,P-026,abc,3,6,7,False,True,2.0713300704956055
Q-232,P-026,abc,3,12,7,False,True,2.0659117698669434
Q-233,P-026,abc,3,1,1,True,True,2.003775119781494
Q-234,P-026,abc,3,1,2,False,True,3.097092866897583
Q-235,P-027,abc,3,6,4,False,True,2.310698986053467
Q-236,P-027,abc,3,12,12,True,True,2.700517177581787
Q-237,P-027,abc,3,D5,D5,True,True,2.657120943069458
Q-238,P-027,abc,3,D3,D3,True,True,3.287147045135498
Q-239,P-027,abc,3,0.5,2,False,True,2.274217367172241
Q-240,P-027,abc,3,5,3,False,True,1.841447114944458
Q-241,P-027,abc,3,5,7,False,True,2.696099042892456
Q-242,P-027,abc,3,2,2,True,True,1.8625342845916748
Q-243,P-027,abc,3,0.5,2,False,True,2.3428149223327637
Q-244,P-028,abc,3,3,3,True,True,2.5888779163360596
Q-245,P-028,abc,3,8,5,False,True,3.3344788551330566
Q-246,P-028,abc,3,A4,A4,True,True,1.9819660186767578
Q-247,P-028,abc,3,C3,"C,2",False,True,2.0904979705810547
Q-248,P-028,abc,3,2,2,True,True,2.366702079772949
Q-249,P-028,abc,3,2,3,False,True,1.907846212387085
Q-250,P-028,abc,3,2,7,False,True,1.926353931427002
Q-251,P-028,abc,3,0,2,False,True,1.8760061264038086
Q-252,P-028,abc,3,2,4,False,True,2.0627810955047607
Q-253,P-029,abc,3,8,6,False,True,2.1759839057922363
Q-254,P-029,abc,3,5,5,True,True,1.9507200717926025
Q-255,P-029,abc,3,F5,F5,True,True,2.8274900913238525
Q-256,P-029,abc,3,G3,C2,False,True,2.326956033706665
Q-257,P-029,abc,3,0.75,2,False,True,2.5258209705352783
Q-258,P-029,abc,3,3,3,True,True,1.8018429279327393
Q-259,P-029,abc,3,1,0,False,True,2.1464009284973145
Q-260,P-029,abc,3,0,0,True,True,1.8136708736419678
Q-261,P-029,abc,3,0.25,1,False,True,3.4622998237609863
Q-262,P-030,abc,3,6,6,True,True,2.4696741104125977
Q-263,P-030,abc,3,3,3,True,True,1.8547258377075195
Q-264,P-030,abc,3,D5,D4,False,True,2.0682380199432373
Q-265,P-030,abc,3,F#3,F#2,False,True,2.2611160278320312
Q-266,P-030,abc,3,1,2,False,True,2.3864240646362305
Q-267,P-030,abc,3,5,6,False,True,1.9279210567474365
Q-268,P-030,abc,3,1,2,False,True,3.728990077972412
Q-269,P-030,abc,3,2,2,True,True,1.9011220932006836
Q-270,P-030,abc,3,0.5,1,False,True,3.2230708599090576
Q-271,P-031,abc,3,10,4,False,True,2.5079143047332764
Q-272,P-031,abc,3,8,4,False,True,1.7460243701934814
Q-273,P-031,abc,3,F#5,F4,False,True,2.377931833267212
Q-274,P-031,abc,3,D2,"D,,,",False,True,1.861072063446045
Q-275,P-031,abc,3,0.5,1,False,True,2.156332015991211
Q-276,P-031,abc,3,4,3,False,True,1.8289659023284912
Q-277,P-031,abc,3,5,5,True,True,2.205108165740967
Q-278,P-031,abc,3,0,0,True,True,1.8589622974395752
Q-279,P-031,abc,3,0.13,2,False,True,2.882044792175293
Q-280,P-032,abc,3,6,6,True,True,2.6766531467437744
Q-281,P-032,abc,3,8,8,True,True,2.9090540409088135
Q-282,P-032,abc,3,C5,C5,True,True,1.836021900177002
Q-283,P-032,abc,3,Eb3,E♭2,False,True,2.4709322452545166
Q-284,P-032,abc,3,1.25,2,False,True,2.0619609355926514
Q-285,P-032,abc,3,3,3,True,True,2.4778828620910645
Q-286,P-032,abc,3,0,3,False,True,2.0687499046325684
Q-287,P-032,abc,3,0,0,True,True,2.061121940612793
Q-288,P-032,abc,3,0.5,2,False,True,2.472460985183716
Q-289,P-033,abc,3,18,14,False,True,2.266094923019409
Q-290,P-033,abc,3,14,16,False,True,2.2782089710235596
Q-291,P-033,abc,3,F5,C5,False,True,2.0630300045013428
Q-292,P-033,abc,3,F3,Bb1,False,True,3.5802419185638428
Q-293,P-033,abc,3,1,2,False,True,3.0042221546173096
Q-294,P-033,abc,3,6,5,False,True,2.002539873123169
Q-295,P-033,abc,3,3,10,False,True,2.9500627517700195
Q-296,P-033,abc,3,2,3,False,True,3.702331066131592
Q-297,P-033,abc,3,0.5,2,False,True,2.045789957046509
Q-298,P-034,abc,3,11,4,False,True,2.3670167922973633
Q-299,P-034,abc,3,2,2,True,True,2.1914801597595215
Q-300,P-034,abc,3,B4,B4,True,True,2.6321890354156494
Q-301,P-034,abc,3,F3,F2,False,True,2.145433187484741
Q-302,P-034,abc,3,1.5,2,False,True,2.2299978733062744
Q-303,P-034,abc,3,3,3,True,True,2.0671632289886475
Q-304,P-034,abc,3,1,2,False,True,3.28157114982605
Q-305,P-034,abc,3,2,2,True,True,2.7874088287353516
Q-306,P-034,abc,3,0.5,0.33,False,True,1.7691209316253662
Q-307,P-035,abc,3,4,2,False,True,3.146505355834961
Q-308,P-035,abc,3,16,16,True,True,2.4773452281951904
Q-309,P-035,abc,3,Bb5,B4,False,True,1.9973950386047363
Q-310,P-035,abc,3,D3,D2,False,True,2.6800618171691895
Q-311,P-035,abc,3,1,4,False,True,2.2895190715789795
Q-312,P-035,abc,3,2,2,True,True,1.8483519554138184
Q-313,P-035,abc,3,15,14,False,True,3.704907178878784
Q-314,P-035,abc,3,2,8,False,True,1.9274511337280273
Q-315,P-035,abc,3,1,4,False,True,2.409903049468994
Q-316,P-036,abc,3,12,12,True,True,1.8619341850280762
Q-317,P-036,abc,3,10,10,True,True,1.8586249351501465
Q-318,P-036,abc,3,Gb5,Gb4,False,True,1.8690118789672852
Q-319,P-036,abc,3,Cb3,D2,False,True,2.0585389137268066
Q-320,P-036,abc,3,1.5,2,False,True,1.6553900241851807
Q-321,P-036,abc,3,5,5,True,True,2.0050978660583496
Q-322,P-036,abc,3,3,10,False,True,1.9315998554229736
Q-323,P-036,abc,3,0,1,False,True,3.2752819061279297
Q-324,P-036,abc,3,0.25,1,False,True,1.8764922618865967
Q-325,P-037,abc,3,7,10,False,True,2.316555976867676
Q-326,P-037,abc,3,18,7,False,True,2.628347158432007
Q-327,P-037,abc,3,G5,G5,True,True,5.133920192718506
Q-328,P-037,abc,3,Bb2,Bb1,False,True,3.638760805130005
Q-329,P-037,abc,3,1,2,False,True,2.1323258876800537
Q-330,P-037,abc,3,3,4,False,True,1.805610179901123
Q-331,P-037,abc,3,0,7,False,True,3.8484301567077637
Q-332,P-037,abc,3,2,2,True,True,4.632576942443848
Q-333,P-037,abc,3,1,2,False,True,2.0622599124908447
Q-334,P-038,abc,3,4,8,False,True,1.8647818565368652
Q-335,P-038,abc,3,8,8,True,True,2.0630829334259033
Q-336,P-038,abc,3,Db5,Db5,True,True,1.8032610416412354
Q-337,P-038,abc,3,A3,A0,False,True,3.3532638549804688
Q-338,P-038,abc,3,4,8,False,True,1.7161071300506592
Q-339,P-038,abc,3,4,4,True,True,1.7912073135375977
Q-340,P-038,abc,3,1,7,False,True,2.0639920234680176
Q-341,P-038,abc,3,0,0,True,True,2.0607080459594727
Q-342,P-038,abc,3,4,2,False,True,1.6169710159301758
Q-343,P-039,abc,3,4,4,True,True,2.7429428100585938
Q-344,P-039,abc,3,32,32,True,True,1.821234941482544
Q-345,P-039,abc,3,Bb5,Bb4,False,True,1.871605396270752
Q-346,P-039,abc,3,Bb2,Bb1,False,True,2.6149821281433105
Q-347,P-039,abc,3,2,4,False,True,2.129344940185547
Q-348,P-039,abc,3,4,3,False,True,2.064560890197754
Q-349,P-039,abc,3,14,13,False,True,2.2668440341949463
Q-350,P-039,abc,3,1,4,False,True,1.8686861991882324
Q-351,P-039,abc,3,1,4,False,True,2.0640869140625
Q-352,P-040,abc,3,3,3,True,True,1.854444980621338
Q-353,P-040,abc,3,6,6,True,True,2.074896812438965
Q-354,P-040,abc,3,Ab4,Ab4,True,True,3.085767984390259
Q-355,P-040,abc,3,D3,D2,False,True,2.064218044281006
Q-356,P-040,abc,3,3,3,True,True,1.9919331073760986
Q-357,P-040,abc,3,3,3,True,True,1.9369900226593018
Q-358,P-040,abc,3,3,7,False,True,3.812619209289551
Q-359,P-040,abc,3,0,0,True,True,1.8251068592071533
Q-360,P-040,abc,3,3,3,True,True,2.4793970584869385
Q-361,P-041,abc,3,5,3,False,True,2.8020596504211426
Q-362,P-041,abc,3,13,12,False,True,1.8162553310394287
Q-363,P-041,abc,3,G5,G4,False,True,2.1138648986816406
Q-364,P-041,abc,3,D4,G3,False,True,4.013042211532593
Q-365,P-041,abc,3,1,4,False,True,1.7487800121307373
Q-366,P-041,abc,3,5,3,False,True,2.0634429454803467
Q-367,P-041,abc,3,2,17,False,True,2.139096975326538
Q-368,P-041,abc,3,2,2,True,True,2.0537290573120117
Q-369,P-041,abc,3,1,1,True,True,3.023374080657959
Q-379,P-042,abc,3,4,4,True,True,2.2658181190490723
Q-380,P-042,abc,3,6,6,True,True,2.146705150604248
Q-381,P-042,abc,3,A5,A4,False,True,1.7798700332641602
Q-382,P-042,abc,3,D#4,D#3,False,True,2.0656120777130127
Q-383,P-042,abc,3,0.5,0.5,True,True,2.675455093383789
Q-384,P-042,abc,3,3,3,True,True,3.088916063308716
Q-385,P-042,abc,3,2,2,True,True,2.2694251537323
Q-386,P-042,abc,3,2,6,False,True,3.5025839805603027
Q-387,P-042,abc,3,0.25,0.25,True,True,1.9408371448516846
Q-388,P-043,abc,3,5,6,False,True,1.7403151988983154
Q-389,P-043,abc,3,12,7,False,True,2.31257700920105
Q-390,P-043,abc,3,B3,B3,True,True,1.8651340007781982
Q-391,P-043,abc,3,G#3,G#1,False,True,2.062685966491699
Q-392,P-043,abc,3,1,2,False,True,2.266728162765503
Q-393,P-043,abc,3,3,3,True,True,2.03045392036438
Q-394,P-043,abc,3,5,0,False,True,3.0750317573547363
Q-395,P-043,abc,3,0,0,True,True,2.3140628337860107
Q-396,P-043,abc,3,1,1.33,False,True,1.7823882102966309
Q-397,P-044,abc,3,4,4,True,True,1.7366929054260254
Q-398,P-044,abc,3,9,7,False,True,1.8593709468841553
Q-399,P-044,abc,3,C#5,C5,False,True,1.9052729606628418
Q-400,P-044,abc,3,A3,"A,1",False,True,2.4282608032226562
Q-401,P-044,abc,3,3,3,True,True,1.8662588596343994
Q-402,P-044,abc,3,4,3,False,True,1.8601911067962646
Q-403,P-044,abc,3,5,7,False,True,1.895716667175293
Q-404,P-044,abc,3,0,0,True,True,2.4016647338867188
Q-405,P-044,abc,3,3,3,True,True,1.8935749530792236
Q-406,P-045,abc,3,5,4,False,True,1.6921370029449463
Q-407,P-045,abc,3,12,12,True,True,2.03051495552063
Q-408,P-045,abc,3,F#4,F#4,True,True,2.0603621006011963
Q-409,P-045,abc,3,G3,G#2,False,True,2.2671961784362793
Q-410,P-045,abc,3,0.75,0.67,False,True,1.8612029552459717
Q-411,P-045,abc,3,3,3,True,True,1.8874702453613281
Q-412,P-045,abc,3,15,10,False,True,1.963327169418335
Q-413,P-045,abc,3,0,0,True,True,1.9272880554199219
Q-414,P-045,abc,3,0.75,0.75,True,True,3.0720109939575195
